{
  "front": {
    "intrinsics": {
      "fx": 614.7142806307731,
      "fy": 614.7142806307731,
      "cx": 320.0,
      "cy": 240.0,
      "width": 640,
      "height": 480,
      "fov": 0.9599310885968813,
      "near": 0.01,
      "far": 3.0,
      "matrix": [
        [
          614.7142806307731,
          0.0,
          320.0
        ],
        [
          0.0,
          614.7142806307731,
          240.0
        ],
        [
          0.0,
          0.0,
          1.0
        ]
      ]
    },
    "extrinsics": {
      "position": [
        0.30000001192092896,
        0.0,
        0.20000000298023224
      ],
      "quaternion": [
        -0.16018225252628326,
        0.0,
        0.9870874285697937,
        0.0
      ],
      "model_matrix": [
        [
          -0.9486832891629144,
          -0.0,
          -0.31622779267963447,
          0.30000001192092896
        ],
        [
          0.0,
          -1.0,
          0.0,
          0.0
        ],
        [
          -0.31622779267963447,
          0.0,
          0.9486832891629144,
          0.20000000298023224
        ],
        [
          0.0,
          0.0,
          0.0,
          1.0
        ]
      ],
      "model_matrix_cv": [
        [
          -0.9486832891629144,
          0.0,
          0.31622779267963447,
          0.30000001192092896
        ],
        [
          0.0,
          1.0,
          0.0,
          0.0
        ],
        [
          -0.31622779267963447,
          0.0,
          -0.9486832891629144,
          0.20000000298023224
        ],
        [
          0.0,
          0.0,
          0.0,
          1.0
        ]
      ],
      "extrinsic_matrix_cv": [
        [
          -0.9486832891629147,
          -0.0,
          -0.3162277926796345,
          0.34785055753641964
        ],
        [
          0.0,
          1.0,
          0.0,
          0.0
        ],
        [
          0.3162277926796345,
          -0.0,
          -0.9486832891629146,
          0.09486831908626003
        ],
        [
          0.0,
          0.0,
          0.0,
          1.0
        ]
      ]
    }
  }
}